<?xml version="1.0" encoding="utf-8"?>
<openerp>
  <data noupdate="1">
    <record id="sequence_lead_number" model="ir.sequence">
        <field name="name">Lead Number Seq</field>
        <field name="code">crm.lead.number.seq</field>
        <field name="prefix">LEA</field>
        <field name="suffix"></field>
        <field name="padding">5</field>
        <field eval="1" name="number_increment"/>
        <field eval="1" name="number_next_actual"/>
    </record>

    <record id="sequence_so_confirmed" model="ir.sequence">
        <field name="name">Sale Order Confirmed Seq</field>
        <field name="code">sale.order.confirmed</field>
        <field name="prefix">SO</field>
        <field name="suffix"></field>
        <field name="padding">3</field>
        <field eval="1" name="number_increment"/>
        <field eval="1" name="number_next_actual"/>
    </record>

    <record id="sequence_sale_order_modified" model="ir.sequence">
        <field name="name">Sale Order Seq modified</field>
        <field name="code">sale.order</field>
        <field name="prefix">QO</field>
        <field name="suffix"></field>
        <field name="padding">3</field>
        <field eval="1" name="number_increment"/>
        <field eval="1" name="number_next_actual"/>
    </record>

  </data>
</openerp>
